"Time of Day","Process Name","PID","Operation","Path","Result","Detail"
"21:46:51,7673879","parent.c.exe","16748","Process Start","","SUCCESS","Parent PID: 4488, Command line: ""C:\Users\Дима\source\repos\parent.c\x64\Debug\parent.c.exe"" , Current directory: C:\Users\Дима\source\repos\parent.c\x64\Debug\, Environment: ;	=::=::\;	ACSetupSvcPort=23210;	ALLUSERSPROFILE=C:\ProgramData;	APPDATA=C:\Users\Дима\AppData\Roaming;	CommonProgramFiles=C:\Program Files\Common Files;	CommonProgramFiles(x86)=C:\Program Files (x86)\Common Files;	CommonProgramW6432=C:\Program Files\Common Files;	COMPUTERNAME=HP-OMEN-17;	ComSpec=C:\Windows\system32\cmd.exe;	DriverData=C:\Windows\System32\Drivers\DriverData;	EnableLog=INFO;	FPS_BROWSER_APP_PROFILE_STRING=Internet Explorer;	FPS_BROWSER_USER_PROFILE_STRING=Default;	HOMEDRIVE=C:;	HOMEPATH=\Users\Дима;	JAVA_HOME=C:\Users\Дима\.jdks\temurin-21.0.10;	LOCALAPPDATA=C:\Users\Дима\AppData\Local;	LOGONSERVER=\\HP-OMEN-17;	NUMBER_OF_PROCESSORS=12;	OneDrive=C:\Users\Дима\OneDrive;	OS=Windows_NT;	Path=C:\Program Files (x86)\Common Files\Oracle\Java\javapath;C:\ProgramData\Oracle\Java\javapath;C:\Windows\system32;C:\Windows;C:\Windows\System32\Wbem;C:\Windows\System32\WindowsPowerShell\v1.0\;C:\Windows\System32\OpenSSH\;C:\Program Files (x86)\NVIDIA Corporation\PhysX\Common;C:\Program Files\dotnet\;C:\Program Files\Microsoft SQL Server\Client SDK\ODBC\170\Tools\Binn\;C:\Program Files\Microsoft SQL Server\150\Tools\Binn\;C:\Program Files\NVIDIA Corporation\NVIDIA NvDLISR;C:\Program Files\AmneziaWG\;C:\Program Files\WireGuard\;C:\Program Files\Docker\Docker\resources\bin;C:\Program Files\Git\cmd;C:\Program Files\Docker\Docker\resources\bin;C:\Program Files\Kubernetes\Minikube;C:\Program Files\Cloudflare\Cloudflare WARP\;C:\Users\Дима\AppData\Local\Microsoft\WindowsApps;C:\Users\Дима\.dotnet\tools;C:\Users\Дима\AppData\Local\Programs\Microsoft VS Code\bin;C:\Users\Дима\AppData\Local\Microsoft\WinGet\Links;C:\Users\Дима\AppData\Local\Programs\PyCharm 2025.2.3\bin;C:\Users\Дима\.jdks\temurin-21.0.10\bin;C:\Users\Дима\AppData\Local\Programs\cursor\resources\app\bin;C:\Program Files\Git\cmd;;	PATHEXT=.COM;.EXE;.BAT;.CMD;.VBS;.VBE;.JS;.JSE;.WSF;.WSH;.MSC;	PROCESSOR_ARCHITECTURE=AMD64;	PROCESSOR_IDENTIFIER=Intel64 Family 6 Model 141 Stepping 1, GenuineIntel;	PROCESSOR_LEVEL=6;	PROCESSOR_REVISION=8d01;	ProgramData=C:\ProgramData;	ProgramFiles=C:\Program Files;	ProgramFiles(x86)=C:\Program Files (x86);	ProgramW6432=C:\Program Files;	PSModulePath=C:\Program Files\WindowsPowerShell\Modules;C:\Windows\system32\WindowsPowerShell\v1.0\Modules;	PUBLIC=C:\Users\Public;	PyCharm=C:\Users\Дима\AppData\Local\Programs\PyCharm 2025.2.3\bin;	RlsSvcPort=22112;	SESSIONNAME=Console;	SystemDrive=C:;	SystemRoot=C:\Windows;	TEMP=C:\Users\1F43~1\AppData\Local\Temp;	TMP=C:\Users\1F43~1\AppData\Local\Temp;	USERDOMAIN=HP-OMEN-17;	USERDOMAIN_ROAMINGPROFILE=HP-OMEN-17;	USERNAME=Дима;	USERPROFILE=C:\Users\Дима;	windir=C:\Windows;	ZES_ENABLE_SYSMAN=1"
"21:46:51,7673970","parent.c.exe","16748","Thread Create","","SUCCESS","Thread ID: 27348"
"21:46:51,7714753","parent.c.exe","16748","Load Image","C:\Users\Дима\source\repos\parent.c\x64\Debug\parent.c.exe","SUCCESS","Image Base: 0x7ff6b1b70000, Image Size: 0x28000"
"21:46:51,7715678","parent.c.exe","16748","Load Image","C:\Windows\System32\ntdll.dll","SUCCESS","Image Base: 0x7ff9a1eb0000, Image Size: 0x1f8000"
"21:46:51,7721898","parent.c.exe","16748","CreateFile","C:\Users\Дима\source\repos\parent.c\x64\Debug","SUCCESS","Desired Access: Execute/Traverse, Synchronize, Disposition: Open, Options: Directory, Synchronous IO Non-Alert, Attributes: n/a, ShareMode: Read, Write, AllocationSize: n/a, OpenResult: Opened"
"21:46:51,7722813","parent.c.exe","16748","Load Image","C:\Windows\System32\kernel32.dll","SUCCESS","Image Base: 0x7ff9a0300000, Image Size: 0xbf000"
"21:46:51,7723861","parent.c.exe","16748","Load Image","C:\Windows\System32\KernelBase.dll","SUCCESS","Image Base: 0x7ff99f8d0000, Image Size: 0x2f6000"
"21:46:51,7731861","parent.c.exe","16748","CreateFile","C:\Windows\System32\conhost.exe","SUCCESS","Desired Access: Execute/Traverse, Synchronize, Disposition: Open, Options: Synchronous IO Non-Alert, Non-Directory File, Attributes: N, ShareMode: Read, Delete, AllocationSize: n/a, OpenResult: Opened"
"21:46:51,7732582","parent.c.exe","16748","CreateFileMapping","C:\Windows\System32\conhost.exe","FILE LOCKED WITH ONLY READERS","SyncType: SyncTypeCreateSection, PageProtection: PAGE_EXECUTE"
"21:46:51,7732843","parent.c.exe","16748","CreateFileMapping","C:\Windows\System32\conhost.exe","SUCCESS","SyncType: SyncTypeOther"
"21:46:51,7733413","parent.c.exe","16748","QuerySecurityFile","C:\Windows\System32\conhost.exe","SUCCESS","Information: Label"
"21:46:51,7733850","parent.c.exe","16748","QueryNameInformationFile","C:\Windows\System32\conhost.exe","SUCCESS","Name: \Windows\System32\conhost.exe"
"21:46:51,7736954","parent.c.exe","16748","QueryEAFile","C:\Windows\System32\conhost.exe","SUCCESS",""
"21:46:51,7737295","parent.c.exe","16748","FileSystemControl","C:\Windows\System32\conhost.exe","OBJECT NOT EXTERNALLY BACKED","Control: FSCTL_GET_EXTERNAL_BACKING"
"21:46:51,7772289","parent.c.exe","16748","Process Create","C:\Windows\System32\Conhost.exe","SUCCESS","PID: 28404, Command line: \??\C:\Windows\system32\conhost.exe 0xffffffff -ForceV1"
"21:46:51,7772641","parent.c.exe","16748","CloseFile","C:\Windows\System32\conhost.exe","SUCCESS",""
"21:46:51,8535870","parent.c.exe","16748","QueryNameInformationFile","C:\Windows\System32\KernelBase.dll","SUCCESS","Name: \Windows\System32\KernelBase.dll"
"21:46:51,8538302","parent.c.exe","16748","QueryNameInformationFile","C:\Windows\System32\KernelBase.dll","SUCCESS","Name: \Windows\System32\KernelBase.dll"
"21:46:51,8539064","parent.c.exe","16748","QueryNameInformationFile","C:\Windows\System32\kernel32.dll","SUCCESS","Name: \Windows\System32\kernel32.dll"
"21:46:51,8543629","parent.c.exe","16748","Thread Create","","SUCCESS","Thread ID: 11824"
"21:46:51,8544266","parent.c.exe","16748","Thread Create","","SUCCESS","Thread ID: 14632"
"21:46:51,8551779","parent.c.exe","16748","CreateFile","C:\Users\Дима\source\repos\parent.c\x64\Debug\ucrtbased.dll","NAME NOT FOUND","Desired Access: Read Attributes, Disposition: Open, Options: Open Reparse Point, Attributes: n/a, ShareMode: Read, Write, Delete, AllocationSize: n/a"
"21:46:51,8551987","parent.c.exe","16748","CreateFile","C:\Users\Дима\source\repos\parent.c\x64\Debug\VCRUNTIME140D.dll","NAME NOT FOUND","Desired Access: Read Attributes, Disposition: Open, Options: Open Reparse Point, Attributes: n/a, ShareMode: Read, Write, Delete, AllocationSize: n/a"
"21:46:51,8554365","parent.c.exe","16748","CreateFile","C:\Windows\System32\vcruntime140d.dll","SUCCESS","Desired Access: Read Attributes, Disposition: Open, Options: Open Reparse Point, Attributes: n/a, ShareMode: Read, Write, Delete, AllocationSize: n/a, OpenResult: Opened"
"21:46:51,8554634","parent.c.exe","16748","QueryBasicInformationFile","C:\Windows\System32\vcruntime140d.dll","SUCCESS","CreationTime: 05.01.2022 15:34:08, LastAccessTime: 05.10.2026 21:45:48, LastWriteTime: 05.01.2022 15:34:08, ChangeTime: 07.10.2023 21:14:14, FileAttributes: A"
"21:46:51,8554671","parent.c.exe","16748","CreateFile","C:\Windows\System32\ucrtbased.dll","SUCCESS","Desired Access: Read Attributes, Disposition: Open, Options: Open Reparse Point, Attributes: n/a, ShareMode: Read, Write, Delete, AllocationSize: n/a, OpenResult: Opened"
"21:46:51,8555287","parent.c.exe","16748","QueryBasicInformationFile","C:\Windows\System32\ucrtbased.dll","SUCCESS","CreationTime: 02.12.2020 5:31:00, LastAccessTime: 05.10.2026 21:45:48, LastWriteTime: 02.12.2020 5:31:00, ChangeTime: 07.10.2023 21:14:14, FileAttributes: A"
"21:46:51,8555427","parent.c.exe","16748","CloseFile","C:\Windows\System32\vcruntime140d.dll","SUCCESS",""
"21:46:51,8555460","parent.c.exe","16748","CloseFile","C:\Windows\System32\ucrtbased.dll","SUCCESS",""
"21:46:51,8557197","parent.c.exe","16748","CreateFile","C:\Windows\System32\ucrtbased.dll","SUCCESS","Desired Access: Read Data/List Directory, Execute/Traverse, Synchronize, Disposition: Open, Options: Synchronous IO Non-Alert, Non-Directory File, Attributes: n/a, ShareMode: Read, Delete, AllocationSize: n/a, OpenResult: Opened"
"21:46:51,8557224","parent.c.exe","16748","CreateFile","C:\Windows\System32\vcruntime140d.dll","SUCCESS","Desired Access: Read Data/List Directory, Execute/Traverse, Synchronize, Disposition: Open, Options: Synchronous IO Non-Alert, Non-Directory File, Attributes: n/a, ShareMode: Read, Delete, AllocationSize: n/a, OpenResult: Opened"
"21:46:51,8557663","parent.c.exe","16748","CreateFileMapping","C:\Windows\System32\vcruntime140d.dll","FILE LOCKED WITH ONLY READERS","SyncType: SyncTypeCreateSection, PageProtection: PAGE_EXECUTE"
"21:46:51,8557740","parent.c.exe","16748","CreateFileMapping","C:\Windows\System32\ucrtbased.dll","FILE LOCKED WITH ONLY READERS","SyncType: SyncTypeCreateSection, PageProtection: PAGE_EXECUTE"
"21:46:51,8557900","parent.c.exe","16748","CreateFileMapping","C:\Windows\System32\vcruntime140d.dll","SUCCESS","SyncType: SyncTypeOther"
"21:46:51,8557989","parent.c.exe","16748","CreateFileMapping","C:\Windows\System32\ucrtbased.dll","SUCCESS","SyncType: SyncTypeOther"
"21:46:51,8558691","parent.c.exe","16748","Load Image","C:\Windows\System32\vcruntime140d.dll","SUCCESS","Image Base: 0x7ff93b200000, Image Size: 0x2b000"
"21:46:51,8558720","parent.c.exe","16748","Load Image","C:\Windows\System32\ucrtbased.dll","SUCCESS","Image Base: 0x7ff9380a0000, Image Size: 0x1c7000"
"21:46:51,8559811","parent.c.exe","16748","Thread Create","","SUCCESS","Thread ID: 22544"
"21:46:51,8560224","parent.c.exe","16748","CloseFile","C:\Windows\System32\vcruntime140d.dll","SUCCESS",""
"21:46:51,8560542","parent.c.exe","16748","CloseFile","C:\Windows\System32\ucrtbased.dll","SUCCESS",""
"21:46:51,8567195","parent.c.exe","16748","QueryNameInformationFile","C:\Users\Дима\source\repos\parent.c\x64\Debug\parent.c.exe","SUCCESS","Name: \Users\Дима\source\repos\parent.c\x64\Debug\parent.c.exe"
"21:46:51,8568557","parent.c.exe","16748","CreateFile","C:\Users\Дима\source\repos\parent.c\x64\Debug\input.txt","SUCCESS","Desired Access: Generic Read, Disposition: Open, Options: Synchronous IO Non-Alert, Non-Directory File, Attributes: N, ShareMode: Read, AllocationSize: n/a, OpenResult: Opened"
"21:46:51,8570851","parent.c.exe","16748","Load Image","C:\Windows\System32\sechost.dll","SUCCESS","Image Base: 0x7ff9a03c0000, Image Size: 0x9c000"
"21:46:51,8572129","parent.c.exe","16748","Load Image","C:\Windows\System32\rpcrt4.dll","SUCCESS","Image Base: 0x7ff9a1d40000, Image Size: 0x126000"
"21:46:51,8577155","parent.c.exe","16748","QueryNameInformationFile","C:\Windows\System32\sechost.dll","SUCCESS","Name: \Windows\System32\sechost.dll"
"21:46:51,8579101","parent.c.exe","16748","QueryNameInformationFile","C:\Windows\System32\sechost.dll","SUCCESS","Name: \Windows\System32\sechost.dll"
"21:46:51,8580885","parent.c.exe","16748","CreateFile","C:\Users\Дима\source\repos\parent.c\x64\Debug\child.c.exe","SUCCESS","Desired Access: Read Data/List Directory, Execute/Traverse, Read Attributes, Synchronize, Disposition: Open, Options: Synchronous IO Non-Alert, Non-Directory File, Attributes: N, ShareMode: Read, Delete, AllocationSize: n/a, OpenResult: Opened"
"21:46:51,8581285","parent.c.exe","16748","CreateFileMapping","C:\Users\Дима\source\repos\parent.c\x64\Debug\child.c.exe","FILE LOCKED WITH ONLY READERS","SyncType: SyncTypeCreateSection, PageProtection: PAGE_EXECUTE"
"21:46:51,8581523","parent.c.exe","16748","CreateFileMapping","C:\Users\Дима\source\repos\parent.c\x64\Debug\child.c.exe","SUCCESS","SyncType: SyncTypeOther"
"21:46:51,8582257","parent.c.exe","16748","QuerySecurityFile","C:\Users\Дима\source\repos\parent.c\x64\Debug\child.c.exe","SUCCESS","Information: Label"
"21:46:51,8583359","parent.c.exe","16748","QueryNameInformationFile","C:\Users\Дима\source\repos\parent.c\x64\Debug\child.c.exe","SUCCESS","Name: \Users\Дима\source\repos\parent.c\x64\Debug\child.c.exe"
"21:46:51,8585473","parent.c.exe","16748","QueryEAFile","C:\Users\Дима\source\repos\parent.c\x64\Debug\child.c.exe","SUCCESS",""
"21:46:51,8636934","parent.c.exe","16748","Process Create","C:\Users\Дима\source\repos\parent.c\x64\Debug\child.c.exe","SUCCESS","PID: 22272, Command line: ""child.c.exe"""
"21:46:51,8636999","child.c.exe","22272","Process Start","","SUCCESS","Parent PID: 16748, Command line: ""child.c.exe"", Current directory: C:\Users\Дима\source\repos\parent.c\x64\Debug\, Environment: ;	=::=::\;	ACSetupSvcPort=23210;	ALLUSERSPROFILE=C:\ProgramData;	APPDATA=C:\Users\Дима\AppData\Roaming;	CommonProgramFiles=C:\Program Files\Common Files;	CommonProgramFiles(x86)=C:\Program Files (x86)\Common Files;	CommonProgramW6432=C:\Program Files\Common Files;	COMPUTERNAME=HP-OMEN-17;	ComSpec=C:\Windows\system32\cmd.exe;	DriverData=C:\Windows\System32\Drivers\DriverData;	EnableLog=INFO;	FPS_BROWSER_APP_PROFILE_STRING=Internet Explorer;	FPS_BROWSER_USER_PROFILE_STRING=Default;	HOMEDRIVE=C:;	HOMEPATH=\Users\Дима;	JAVA_HOME=C:\Users\Дима\.jdks\temurin-21.0.10;	LOCALAPPDATA=C:\Users\Дима\AppData\Local;	LOGONSERVER=\\HP-OMEN-17;	NUMBER_OF_PROCESSORS=12;	OneDrive=C:\Users\Дима\OneDrive;	OS=Windows_NT;	Path=C:\Program Files (x86)\Common Files\Oracle\Java\javapath;C:\ProgramData\Oracle\Java\javapath;C:\Windows\system32;C:\Windows;C:\Windows\System32\Wbem;C:\Windows\System32\WindowsPowerShell\v1.0\;C:\Windows\System32\OpenSSH\;C:\Program Files (x86)\NVIDIA Corporation\PhysX\Common;C:\Program Files\dotnet\;C:\Program Files\Microsoft SQL Server\Client SDK\ODBC\170\Tools\Binn\;C:\Program Files\Microsoft SQL Server\150\Tools\Binn\;C:\Program Files\NVIDIA Corporation\NVIDIA NvDLISR;C:\Program Files\AmneziaWG\;C:\Program Files\WireGuard\;C:\Program Files\Docker\Docker\resources\bin;C:\Program Files\Git\cmd;C:\Program Files\Docker\Docker\resources\bin;C:\Program Files\Kubernetes\Minikube;C:\Program Files\Cloudflare\Cloudflare WARP\;C:\Users\Дима\AppData\Local\Microsoft\WindowsApps;C:\Users\Дима\.dotnet\tools;C:\Users\Дима\AppData\Local\Programs\Microsoft VS Code\bin;C:\Users\Дима\AppData\Local\Microsoft\WinGet\Links;C:\Users\Дима\AppData\Local\Programs\PyCharm 2025.2.3\bin;C:\Users\Дима\.jdks\temurin-21.0.10\bin;C:\Users\Дима\AppData\Local\Programs\cursor\resources\app\bin;C:\Program Files\Git\cmd;;	PATHEXT=.COM;.EXE;.BAT;.CMD;.VBS;.VBE;.JS;.JSE;.WSF;.WSH;.MSC;	PROCESSOR_ARCHITECTURE=AMD64;	PROCESSOR_IDENTIFIER=Intel64 Family 6 Model 141 Stepping 1, GenuineIntel;	PROCESSOR_LEVEL=6;	PROCESSOR_REVISION=8d01;	ProgramData=C:\ProgramData;	ProgramFiles=C:\Program Files;	ProgramFiles(x86)=C:\Program Files (x86);	ProgramW6432=C:\Program Files;	PSModulePath=C:\Program Files\WindowsPowerShell\Modules;C:\Windows\system32\WindowsPowerShell\v1.0\Modules;	PUBLIC=C:\Users\Public;	PyCharm=C:\Users\Дима\AppData\Local\Programs\PyCharm 2025.2.3\bin;	RlsSvcPort=22112;	SESSIONNAME=Console;	SystemDrive=C:;	SystemRoot=C:\Windows;	TEMP=C:\Users\1F43~1\AppData\Local\Temp;	TMP=C:\Users\1F43~1\AppData\Local\Temp;	USERDOMAIN=HP-OMEN-17;	USERDOMAIN_ROAMINGPROFILE=HP-OMEN-17;	USERNAME=Дима;	USERPROFILE=C:\Users\Дима;	windir=C:\Windows;	ZES_ENABLE_SYSMAN=1"
"21:46:51,8637072","child.c.exe","22272","Thread Create","","SUCCESS","Thread ID: 19496"
"21:46:51,8640059","parent.c.exe","16748","QuerySecurityFile","C:\Users\Дима\source\repos\parent.c\x64\Debug\child.c.exe","SUCCESS","Information: Owner, Group, DACL, SACL, Label, Attribute, Process Trust Label, 0x100"
"21:46:51,8641256","parent.c.exe","16748","CreateFile","C:\Windows\apppatch\sysmain.sdb","SUCCESS","Desired Access: Generic Read, Disposition: Open, Options: Synchronous IO Non-Alert, Non-Directory File, Attributes: N, ShareMode: Read, AllocationSize: n/a, OpenResult: Opened"
"21:46:51,8641812","parent.c.exe","16748","QueryBasicInformationFile","C:\Windows\apppatch\sysmain.sdb","SUCCESS","CreationTime: 28.04.2023 21:21:55, LastAccessTime: 05.10.2026 21:46:51, LastWriteTime: 28.04.2023 21:21:55, ChangeTime: 28.04.2023 21:24:28, FileAttributes: A"
"21:46:51,8641910","parent.c.exe","16748","CloseFile","C:\Windows\apppatch\sysmain.sdb","SUCCESS",""
"21:46:51,8642271","parent.c.exe","16748","QueryBasicInformationFile","C:\Users\Дима\source\repos\parent.c\x64\Debug\child.c.exe","SUCCESS","CreationTime: 15.09.2026 23:45:04, LastAccessTime: 05.10.2026 21:45:38, LastWriteTime: 05.10.2026 19:50:42, ChangeTime: 05.10.2026 19:50:42, FileAttributes: A"
"21:46:51,8653325","parent.c.exe","16748","CloseFile","C:\Users\Дима\source\repos\parent.c\x64\Debug\child.c.exe","SUCCESS",""
"21:46:51,8653757","child.c.exe","22272","Load Image","C:\Users\Дима\source\repos\parent.c\x64\Debug\child.c.exe","SUCCESS","Image Base: 0x7ff6c29d0000, Image Size: 0x27000"
"21:46:51,8654673","child.c.exe","22272","Load Image","C:\Windows\System32\ntdll.dll","SUCCESS","Image Base: 0x7ff9a1eb0000, Image Size: 0x1f8000"
"21:46:51,8660382","child.c.exe","22272","CreateFile","C:\Users\Дима\source\repos\parent.c\x64\Debug","SUCCESS","Desired Access: Execute/Traverse, Synchronize, Disposition: Open, Options: Directory, Synchronous IO Non-Alert, Attributes: n/a, ShareMode: Read, Write, AllocationSize: n/a, OpenResult: Opened"
"21:46:51,8661301","child.c.exe","22272","Load Image","C:\Windows\System32\kernel32.dll","SUCCESS","Image Base: 0x7ff9a0300000, Image Size: 0xbf000"
"21:46:51,8662527","child.c.exe","22272","Load Image","C:\Windows\System32\KernelBase.dll","SUCCESS","Image Base: 0x7ff99f8d0000, Image Size: 0x2f6000"
"21:46:51,8672644","child.c.exe","22272","QueryNameInformationFile","C:\Windows\System32\KernelBase.dll","SUCCESS","Name: \Windows\System32\KernelBase.dll"
"21:46:51,8674901","child.c.exe","22272","QueryNameInformationFile","C:\Windows\System32\KernelBase.dll","SUCCESS","Name: \Windows\System32\KernelBase.dll"
"21:46:51,8675794","child.c.exe","22272","QueryNameInformationFile","C:\Windows\System32\kernel32.dll","SUCCESS","Name: \Windows\System32\kernel32.dll"
"21:46:51,8680124","child.c.exe","22272","Thread Create","","SUCCESS","Thread ID: 13504"
"21:46:51,8680929","child.c.exe","22272","Thread Create","","SUCCESS","Thread ID: 26108"
"21:46:51,8685009","child.c.exe","22272","CreateFile","C:\Users\Дима\source\repos\parent.c\x64\Debug\ucrtbased.dll","NAME NOT FOUND","Desired Access: Read Attributes, Disposition: Open, Options: Open Reparse Point, Attributes: n/a, ShareMode: Read, Write, Delete, AllocationSize: n/a"
"21:46:51,8685104","child.c.exe","22272","CreateFile","C:\Users\Дима\source\repos\parent.c\x64\Debug\VCRUNTIME140D.dll","NAME NOT FOUND","Desired Access: Read Attributes, Disposition: Open, Options: Open Reparse Point, Attributes: n/a, ShareMode: Read, Write, Delete, AllocationSize: n/a"
"21:46:51,8690482","child.c.exe","22272","CreateFile","C:\Windows\System32\vcruntime140d.dll","SUCCESS","Desired Access: Read Attributes, Disposition: Open, Options: Open Reparse Point, Attributes: n/a, ShareMode: Read, Write, Delete, AllocationSize: n/a, OpenResult: Opened"
"21:46:51,8690753","child.c.exe","22272","QueryBasicInformationFile","C:\Windows\System32\vcruntime140d.dll","SUCCESS","CreationTime: 05.01.2022 15:34:08, LastAccessTime: 05.10.2026 21:46:51, LastWriteTime: 05.01.2022 15:34:08, ChangeTime: 07.10.2023 21:14:14, FileAttributes: A"
"21:46:51,8690879","child.c.exe","22272","CloseFile","C:\Windows\System32\vcruntime140d.dll","SUCCESS",""
"21:46:51,8691537","child.c.exe","22272","CreateFile","C:\Windows\System32\ucrtbased.dll","SUCCESS","Desired Access: Read Attributes, Disposition: Open, Options: Open Reparse Point, Attributes: n/a, ShareMode: Read, Write, Delete, AllocationSize: n/a, OpenResult: Opened"
"21:46:51,8691867","child.c.exe","22272","QueryBasicInformationFile","C:\Windows\System32\ucrtbased.dll","SUCCESS","CreationTime: 02.12.2020 5:31:00, LastAccessTime: 05.10.2026 21:46:51, LastWriteTime: 02.12.2020 5:31:00, ChangeTime: 07.10.2023 21:14:14, FileAttributes: A"
"21:46:51,8691999","child.c.exe","22272","CloseFile","C:\Windows\System32\ucrtbased.dll","SUCCESS",""
"21:46:51,8692186","child.c.exe","22272","CreateFile","C:\Windows\System32\vcruntime140d.dll","SUCCESS","Desired Access: Read Data/List Directory, Execute/Traverse, Synchronize, Disposition: Open, Options: Synchronous IO Non-Alert, Non-Directory File, Attributes: n/a, ShareMode: Read, Delete, AllocationSize: n/a, OpenResult: Opened"
"21:46:51,8692610","child.c.exe","22272","CreateFileMapping","C:\Windows\System32\vcruntime140d.dll","FILE LOCKED WITH ONLY READERS","SyncType: SyncTypeCreateSection, PageProtection: PAGE_EXECUTE"
"21:46:51,8692876","child.c.exe","22272","CreateFileMapping","C:\Windows\System32\vcruntime140d.dll","SUCCESS","SyncType: SyncTypeOther"
"21:46:51,8692998","child.c.exe","22272","CreateFile","C:\Windows\System32\ucrtbased.dll","SUCCESS","Desired Access: Read Data/List Directory, Execute/Traverse, Synchronize, Disposition: Open, Options: Synchronous IO Non-Alert, Non-Directory File, Attributes: n/a, ShareMode: Read, Delete, AllocationSize: n/a, OpenResult: Opened"
"21:46:51,8693787","child.c.exe","22272","Load Image","C:\Windows\System32\vcruntime140d.dll","SUCCESS","Image Base: 0x7ff93b200000, Image Size: 0x2b000"
"21:46:51,8694440","child.c.exe","22272","CloseFile","C:\Windows\System32\vcruntime140d.dll","SUCCESS",""
"21:46:51,8694682","child.c.exe","22272","CreateFileMapping","C:\Windows\System32\ucrtbased.dll","FILE LOCKED WITH ONLY READERS","SyncType: SyncTypeCreateSection, PageProtection: PAGE_EXECUTE"
"21:46:51,8694965","child.c.exe","22272","CreateFileMapping","C:\Windows\System32\ucrtbased.dll","SUCCESS","SyncType: SyncTypeOther"
"21:46:51,8695600","child.c.exe","22272","Load Image","C:\Windows\System32\ucrtbased.dll","SUCCESS","Image Base: 0x7ff9380a0000, Image Size: 0x1c7000"
"21:46:51,8696233","child.c.exe","22272","CreateFile","C:\Users\Дима\source\repos\parent.c\x64\Debug\ucrtbased.dll","NAME NOT FOUND","Desired Access: Read Attributes, Disposition: Open, Options: Open Reparse Point, Attributes: n/a, ShareMode: Read, Write, Delete, AllocationSize: n/a"
"21:46:51,8696254","child.c.exe","22272","CloseFile","C:\Windows\System32\ucrtbased.dll","SUCCESS",""
"21:46:51,8697767","child.c.exe","22272","Thread Create","","SUCCESS","Thread ID: 2884"
"21:46:51,8699346","child.c.exe","22272","CreateFile","C:\Windows\System32\ucrtbased.dll","SUCCESS","Desired Access: Read Attributes, Disposition: Open, Options: Open Reparse Point, Attributes: n/a, ShareMode: Read, Write, Delete, AllocationSize: n/a, OpenResult: Opened"
"21:46:51,8699570","child.c.exe","22272","QueryBasicInformationFile","C:\Windows\System32\ucrtbased.dll","SUCCESS","CreationTime: 02.12.2020 5:31:00, LastAccessTime: 05.10.2026 21:46:51, LastWriteTime: 02.12.2020 5:31:00, ChangeTime: 07.10.2023 21:14:14, FileAttributes: A"
"21:46:51,8699747","child.c.exe","22272","CloseFile","C:\Windows\System32\ucrtbased.dll","SUCCESS",""
"21:46:51,8705824","child.c.exe","22272","QueryNameInformationFile","C:\Users\Дима\source\repos\parent.c\x64\Debug\child.c.exe","SUCCESS","Name: \Users\Дима\source\repos\parent.c\x64\Debug\child.c.exe"
"21:46:51,8706238","child.c.exe","22272","ReadFile","C:\Users\Дима\source\repos\parent.c\x64\Debug\input.txt","SUCCESS","Offset: 0, Length: 36, Priority: Normal"
"21:46:51,8729418","child.c.exe","22272","CreateFile","C:\Windows\System32\kernel.appcore.dll","SUCCESS","Desired Access: Read Attributes, Disposition: Open, Options: Open Reparse Point, Attributes: n/a, ShareMode: Read, Write, Delete, AllocationSize: n/a, OpenResult: Opened"
"21:46:51,8729704","child.c.exe","22272","QueryBasicInformationFile","C:\Windows\System32\kernel.appcore.dll","SUCCESS","CreationTime: 06.10.2021 16:30:39, LastAccessTime: 05.10.2026 21:46:51, LastWriteTime: 06.10.2021 16:30:39, ChangeTime: 07.10.2023 21:07:57, FileAttributes: A"
"21:46:51,8729828","child.c.exe","22272","CloseFile","C:\Windows\System32\kernel.appcore.dll","SUCCESS",""
"21:46:51,8730887","child.c.exe","22272","CreateFile","C:\Windows\System32\kernel.appcore.dll","SUCCESS","Desired Access: Read Data/List Directory, Execute/Traverse, Synchronize, Disposition: Open, Options: Synchronous IO Non-Alert, Non-Directory File, Attributes: n/a, ShareMode: Read, Delete, AllocationSize: n/a, OpenResult: Opened"
"21:46:51,8731239","child.c.exe","22272","CreateFileMapping","C:\Windows\System32\kernel.appcore.dll","FILE LOCKED WITH ONLY READERS","SyncType: SyncTypeCreateSection, PageProtection: PAGE_EXECUTE"
"21:46:51,8731745","child.c.exe","22272","CreateFileMapping","C:\Windows\System32\kernel.appcore.dll","SUCCESS","SyncType: SyncTypeOther"
"21:46:51,8732596","child.c.exe","22272","Load Image","C:\Windows\System32\kernel.appcore.dll","SUCCESS","Image Base: 0x7ff99dda0000, Image Size: 0x12000"
"21:46:51,8733747","child.c.exe","22272","Load Image","C:\Windows\System32\msvcrt.dll","SUCCESS","Image Base: 0x7ff9a00f0000, Image Size: 0x9e000"
"21:46:51,8734845","child.c.exe","22272","Load Image","C:\Windows\System32\rpcrt4.dll","SUCCESS","Image Base: 0x7ff9a1d40000, Image Size: 0x126000"
"21:46:51,8736515","child.c.exe","22272","CloseFile","C:\Windows\System32\kernel.appcore.dll","SUCCESS",""
"21:46:51,8741251","child.c.exe","22272","Thread Exit","","SUCCESS","Thread ID: 26108, User Time: 0.0000000, Kernel Time: 0.0000000"
"21:46:51,8741509","child.c.exe","22272","Thread Exit","","SUCCESS","Thread ID: 13504, User Time: 0.0000000, Kernel Time: 0.0000000"
"21:46:51,8741977","child.c.exe","22272","Thread Exit","","SUCCESS","Thread ID: 2884, User Time: 0.0000000, Kernel Time: 0.0000000"
"21:46:51,8753203","child.c.exe","22272","Thread Exit","","SUCCESS","Thread ID: 19496, User Time: 0.0156250, Kernel Time: 0.0000000"
"21:46:51,8755786","child.c.exe","22272","Process Exit","","SUCCESS","Exit Status: 2, User Time: 0.0156250 seconds, Kernel Time: 0.0000000 seconds, Private Bytes: 778 240, Peak Private Bytes: 778 240, Working Set: 3 969 024, Peak Working Set: 3 973 120"
"21:46:51,8756607","child.c.exe","22272","CloseFile","C:\Users\Дима\source\repos\parent.c\x64\Debug","SUCCESS",""
"21:46:51,8758816","child.c.exe","22272","CloseFile","C:\Users\Дима\source\repos\parent.c\x64\Debug\input.txt","SUCCESS",""
"21:46:51,8768413","parent.c.exe","16748","CreateFile","C:\Windows\System32\cmd.exe","SUCCESS","Desired Access: Read Attributes, Disposition: Open, Options: Open Reparse Point, Attributes: n/a, ShareMode: Read, Write, Delete, AllocationSize: n/a, OpenResult: Opened"
"21:46:51,8768793","parent.c.exe","16748","QueryNetworkOpenInformationFile","C:\Windows\System32\cmd.exe","SUCCESS","CreationTime: 06.10.2021 16:30:40, LastAccessTime: 05.10.2026 21:45:48, LastWriteTime: 06.10.2021 16:30:40, ChangeTime: 07.10.2023 21:11:09, AllocationSize: 01.01.1601 3:00:00, EndOfFile: 01.01.1601 3:00:00, FileAttributes: A"
"21:46:51,8768913","parent.c.exe","16748","CloseFile","C:\Windows\System32\cmd.exe","SUCCESS",""
"21:46:51,8770840","parent.c.exe","16748","CreateFile","C:\Windows\System32\cmd.exe","SUCCESS","Desired Access: Read Data/List Directory, Execute/Traverse, Read Attributes, Synchronize, Disposition: Open, Options: Synchronous IO Non-Alert, Non-Directory File, Attributes: N, ShareMode: Read, Delete, AllocationSize: n/a, OpenResult: Opened"
"21:46:51,8771348","parent.c.exe","16748","CreateFileMapping","C:\Windows\System32\cmd.exe","FILE LOCKED WITH ONLY READERS","SyncType: SyncTypeCreateSection, PageProtection: PAGE_EXECUTE"
"21:46:51,8771609","parent.c.exe","16748","CreateFileMapping","C:\Windows\System32\cmd.exe","SUCCESS","SyncType: SyncTypeOther"
"21:46:51,8772283","parent.c.exe","16748","QuerySecurityFile","C:\Windows\System32\cmd.exe","SUCCESS","Information: Label"
"21:46:51,8772781","parent.c.exe","16748","QueryNameInformationFile","C:\Windows\System32\cmd.exe","SUCCESS","Name: \Windows\System32\cmd.exe"
"21:46:51,8775847","parent.c.exe","16748","QueryEAFile","C:\Windows\System32\cmd.exe","SUCCESS",""
"21:46:51,8857878","parent.c.exe","16748","Process Create","C:\Windows\system32\cmd.exe","SUCCESS","PID: 2660, Command line: C:\Windows\system32\cmd.exe /c pause"
"21:46:51,8859783","parent.c.exe","16748","QuerySecurityFile","C:\Windows\System32\cmd.exe","SUCCESS","Information: Owner, Group, DACL, SACL, Label, Attribute, Process Trust Label, 0x100"
"21:46:51,8860815","parent.c.exe","16748","CreateFile","C:\Windows\apppatch\sysmain.sdb","SUCCESS","Desired Access: Generic Read, Disposition: Open, Options: Synchronous IO Non-Alert, Non-Directory File, Attributes: N, ShareMode: Read, AllocationSize: n/a, OpenResult: Opened"
"21:46:51,8861509","parent.c.exe","16748","QueryBasicInformationFile","C:\Windows\apppatch\sysmain.sdb","SUCCESS","CreationTime: 28.04.2023 21:21:55, LastAccessTime: 05.10.2026 21:46:51, LastWriteTime: 28.04.2023 21:21:55, ChangeTime: 28.04.2023 21:24:28, FileAttributes: A"
"21:46:51,8861610","parent.c.exe","16748","CloseFile","C:\Windows\apppatch\sysmain.sdb","SUCCESS",""
"21:46:51,8861971","parent.c.exe","16748","QueryBasicInformationFile","C:\Windows\System32\cmd.exe","SUCCESS","CreationTime: 06.10.2021 16:30:40, LastAccessTime: 05.10.2026 21:45:48, LastWriteTime: 06.10.2021 16:30:40, ChangeTime: 07.10.2023 21:11:09, FileAttributes: A"
"21:46:51,8869003","parent.c.exe","16748","CloseFile","C:\Windows\System32\cmd.exe","SUCCESS",""
"21:47:21,8613544","parent.c.exe","16748","Thread Exit","","SUCCESS","Thread ID: 14632, User Time: 0.0000000, Kernel Time: 0.0000000"
"21:47:21,8613633","parent.c.exe","16748","Thread Exit","","SUCCESS","Thread ID: 11824, User Time: 0.0000000, Kernel Time: 0.0000000"
"21:47:21,8614794","parent.c.exe","16748","Thread Exit","","SUCCESS","Thread ID: 22544, User Time: 0.0000000, Kernel Time: 0.0000000"
"21:50:09,6440735","parent.c.exe","27904","Thread Create","","SUCCESS","Thread ID: 25192"
"21:51:51,6068298","parent.c.exe","27904","Thread Exit","","SUCCESS","Thread ID: 25192, User Time: 0.0000000, Kernel Time: 0.0000000"
"21:51:51,8552233","parent.c.exe","16748","Thread Create","","SUCCESS","Thread ID: 29048"
"21:53:33,8152301","parent.c.exe","16748","Thread Exit","","SUCCESS","Thread ID: 29048, User Time: 0.0000000, Kernel Time: 0.0000000"
